postUrl,profileUrl,username,fullName,commentCount,likeCount,pubDate,description,postId,ownerId,type,query,timestamp,imgUrl,videoUrl,viewCount
https://www.instagram.com/p/COpv1e7FLSR/,https://www.instagram.com/hun_s_87,hun_s_87,ì‹ ì„±í›ˆ,2,51,2021-05-09T12:31:51.000Z,".
New Pedal Day!!
í•œêµ­ ì œí’ˆì´ë¼ í˜¸ì£¼ ë“¤ì–´ì˜¤ê¸¸ ê¸°ë‹¤ë¦¬ë‹¤ í¬ê¸°í•˜ë ¤ë˜ ì°°ë‚˜ì—!! ë“¤ì–´ì™”ë‹¤ ã…‹ã…‹
ì´ì œ ì¢€ ì‰¬ì

ëŠ˜ ê°ì‚¬í•©ë‹ˆë‹¤ #gsus4co 

#NPD #pedalboard #a3stompbox #awesome #groovim #ì¤„ìŸì´ #ê¸°íƒ€ëŠ”ì¥ë¹„ë¹¨ #ì œì¼ì—°ìŠµì˜ë ë•ŒëŠ” #ìƒˆì¥ë¹„ìƒ€ì„ë•Œ #ë¬¼ë“¤ì–´ì˜¨ë‹¤ #ë…¸ì €ì–´ë¼ #ë”ì´ìƒì»¤ì§€ë©´ì•ˆë¼ #worshipper #ì§‘ì¤‘í• ê²ƒì—ì§‘ì¤‘í•˜ì",2569795445913335000,1629119225,Photo,https://www.instagram.com/explore/tags/gsus4co/,2021-06-25T09:53:47.009Z,,,
https://www.instagram.com/p/CGpfLnYF6X1/,https://www.instagram.com/jesuspower_jyu,jesuspower_jyu,ê¸°íƒ€ì¹˜ëŠ” ì˜ˆë°°ì¸ë„ì á„Œá…¥á†«á„‹á…­á†¼á„‹á…®á†«,1,33,2020-10-22T13:55:10.000Z,"4ê°œì›”ë§Œì— ì—…ê·¸ë ˆì´ë“œëœ ë³´ë“œ! ğŸ˜‚ A3stompbox ëŒ€í‘œë‹˜ê»˜ì„œ ì…‹ì—…ì„ í•´ì£¼ì…¨ë‹¤. ë” ì¢‹ì€ ì†Œë¦¬ë¥¼ ë‚´ê¸° ìœ„í•´ ì—°êµ¬í•˜ëŠ” ì´ìœ ëŠ” ë‚ ë§ˆë‹¤ ë” ì¢‹ì€ ì†Œë¦¬ë¡œ ì˜ˆë°°í•˜ê³  ì‹¶ê¸° ë•Œë¬¸ì´ë‹¤. ğŸ¸ ì—°êµ¬í•˜ëŠ” ì˜ˆë°°ì ğŸ™‹ğŸ»â€â™‚ï¸ ë…¸ë ¥í•˜ëŠ” ì˜ˆë°°ì ğŸ”¥ 

#a3stompbox #gsus4co #madaway #ë³µìŒì´ë©´ì¶©ë¶„í•©ë‹ˆë‹¤ğŸ™‹ğŸ»â€â™‚ï¸ #ì˜ˆë°°ì #ì°¬ì–‘ #ì›Œì‹­ë³´ë“œ",2425607011951945000,5381043831,Photo,https://www.instagram.com/explore/tags/gsus4co/,2021-06-25T09:53:47.009Z,https://scontent-lga3-2.cdninstagram.com/v/t51.2885-15/e35/122382526_360497401935917_2600478961075931947_n.jpg?tp=1&_nc_ht=scontent-lga3-2.cdninstagram.com&_nc_cat=105&_nc_ohc=AD7TB5EOSsgAX9AMIDA&tn=8d6p2hrUzrD07pfX&edm=ABZsPhsBAAAA&ccb=7-4&oh=66e4667ab3b33d32eee8820c5888d96c&oe=60DD011C&_nc_sid=4efc9f&ig_cache_key=MjQyNTYwNzAxMTk1MTk0NTIwNQ%3D%3D.2-ccb7-4,,
https://www.instagram.com/p/CFs4WjdlTHD/,https://www.instagram.com/david_kim_madaway,david_kim_madaway,David Kim,1,106,2020-09-29T01:01:26.000Z,"í˜¸ì£¼ @gsus4co  ì—ì„œì˜¨ ì´ê²ƒì€ğŸ™‹ğŸ»â€â™‚ï¸

#ë¯¸ë””ì¼€ì´ë¸” #ë¯¸ë””trsì¼€ì´ë¸” #gsus4co #ì†¡ê°•ëŒ€í‘œë‹˜ #ê°ì‚¬í•©ë‹ˆë‹¤ğŸ™ğŸ» 
#ë³µìŒì´ë©´ì¶©ë¶„í•©ë‹ˆë‹¤",2408547741246763500,179959651,Photo,https://www.instagram.com/explore/tags/gsus4co/,2021-06-25T09:53:47.009Z,,,
https://www.instagram.com/p/CFUjWvpl5Gu/,https://www.instagram.com/jesuspower_jyu,jesuspower_jyu,ê¸°íƒ€ì¹˜ëŠ” ì˜ˆë°°ì¸ë„ì á„Œá…¥á†«á„‹á…­á†¼á„‹á…®á†«,2,18,2020-09-19T14:16:11.000Z,"ê¸´ ê¸°ë‹¤ë¦¼ ëì— ë“œë””ì–´...
(6/15ì— ì£¼ë¬¸...9/19ë„ì°©...)

gsus4ì—ì„œ êµ¬ë§¤í–ˆìŠµë‹ˆë‹¤!
ì—¬ëŸ¬ë²ˆ ë¬¸ì˜ì—ë„ ì¹œì ˆíˆ ë‹µë³€ ì£¼ì‹  ëŒ€í‘œë‹˜ê»˜ ê°ì‚¬ë“œë¦½ë‹ˆë‹¤! ì˜ ì‚¬ìš©í•˜ê² ìŠµë‹ˆë‹¤ğŸ˜Š

#proteindrive #olivecolor #browneamplification #gsus4co 
#guitareffects #effects #drive #overdrive",2401699995915358700,5381043831,Photo,https://www.instagram.com/explore/tags/gsus4co/,2021-06-25T09:53:47.009Z,https://scontent-lga3-2.cdninstagram.com/v/t51.2885-15/e35/119705419_604712426874086_5176564777188948788_n.jpg?tp=1&_nc_ht=scontent-lga3-2.cdninstagram.com&_nc_cat=102&_nc_ohc=BpH5GqgvhQMAX8OzV9l&tn=8d6p2hrUzrD07pfX&edm=ABZsPhsBAAAA&ccb=7-4&oh=7e40aeb35c1894dc40ee4a8ae96e8463&oe=60DBC686&_nc_sid=4efc9f&ig_cache_key=MjQwMTY5OTk5NTkxNTM1ODYzOA%3D%3D.2-ccb7-4,,
https://www.instagram.com/p/CEUP69dl3a-/,https://www.instagram.com/jesuspower_jyu,jesuspower_jyu,ê¸°íƒ€ì¹˜ëŠ” ì˜ˆë°°ì¸ë„ì á„Œá…¥á†«á„‹á…­á†¼á„‹á…®á†«,1,28,2020-08-25T14:54:59.000Z,"ë³´ë“œ í•´ì²´ ë.
Coming Soon.

#ì›Œì‹­ë³´ë“œ #í˜ë‹¬ë³´ë“œ #ê¸°íƒ€ì´í™í„° #stompbox #a3stompbox #a3customvolume #a3angel #a3ë£¨ì´ìŠ¤ #gfisystem #cabzeus  #strymonengineering #strymon #timeline #bigsky #gsus4co #electroharmonix #pog2 #xotic#epbooster #spcompressor #polytune #polytune3 #sonicresearch #jhs #jhspedals #jhsthekiltv2",2383600125207869000,5381043831,Photo,https://www.instagram.com/explore/tags/gsus4co/,2021-06-25T09:53:47.009Z,,,
https://www.instagram.com/p/B9qM69IBn32/,https://www.instagram.com/mowm_school,mowm_school,MoWM School,0,5,2020-03-13T03:52:18.000Z,"Mowm Music School ì—ì„œ ìš°í¬ë ë ˆ ê·¸ë£¹ë°˜ì„ ëª¨ì§‘í•©ë‹ˆë‹¤. 
ê°ë¯¸ë¡œìš´ Jason Mrazì˜  I'm Yours ë¶€í„° Vance Joyì˜ Riptideê¹Œì§€ ëª¨ë‘ ìš°í¬ë ë ˆë¡œ ì—°ì£¼í•˜ë©´ ë”ìš± í’ë¯¸ë¥¼ ë”í•  ìˆ˜ ìˆìŠµë‹ˆë‹¤.

ì‘ê³  ê°€ë²¼ì›Œì„œ ì–´ë¦° ì•„ì´ë“¤ ë¶€í„° ì–´ë¥¸ë“¤ê¹Œì§€ ì‰½ê²Œ ë‹¤ê°€ê°ˆ ìˆ˜ ìˆëŠ” ìš°í¬ë ë ˆ ì—°ì£¼ë¡œ ìŒì•…ì„ ì‹œì‘í•´ ë³´ì‹œë©´ ì–´ë–¨ê¹Œìš”?

ë¨¼ì € ìˆ˜ìš”ì¼ 4ì‹œ ê·¸ë£¹ë°˜ì„ ëª¨ì§‘í•©ë‹ˆë‹¤. ($140/4ì£¼/ì£¼ë‹¹ 1ì‹œê°„ ìˆ˜ì—…)
3ëª…ì´ ëª¨ì´ë©´ ë°”ë¡œ ì‹œì‘í•˜ë©° ë°˜ ì •ì›(5ëª…)ì´ ë‹¤ ì°¨ë©´ 5ì‹œë°˜ë„ ë°”ë¡œ ëª¨ì§‘í• ê»˜ìš”.

18ì„¸ ì´í•˜ í•™ìƒë“¤ì€ ì •ë¶€ì—ì„œ ì œê³µí•˜ëŠ” Creative Kids Voucherë¡œ $100ì„ ì‚¬ìš©í•  ìˆ˜ ìˆìŠµë‹ˆë‹¤. (ì•„ë˜ ë§í¬ í´ë¦­í•˜ì—¬ ì‹ ì²­í›„ ë°›ìœ¼ì‹  ë°”ìš°ì²˜ë¥¼ school@mowm.com.auë¡œ ë³´ë‚´ì£¼ì„¸ìš”)
https://www.service.nsw.gov.au/transaction/apply-creative-kids-voucher

ë“±ë¡ì€ ì•„ë˜ ë§í¬ì—ì„œ í•˜ì‹œë©´ ë©ë‹ˆë‹¤. (ì´ë²ˆ ê°•ì¢ŒëŠ” Group Aì— í•´ë‹¹í•˜ëŠ” ê°•ì¢Œì…ë‹ˆë‹¤.)
http://bit.ly/MoWMschool2020

ìš°í¬ë ë ˆê°€ ì—†ìœ¼ì‹œë‹¤ë©´ Gsus4 ì—ì„œ êµ¬ë§¤ë¥¼ ë„ì™€ë“œë¦¬ë©° MoWM School í•™ìƒì€ 5% í• ì¸ì„ ë°›ìœ¼ì‹¤ ìˆ˜ ìˆìœ¼ë‹ˆ ìŠì§€ ë§ˆì„¸ìš”!
Jbrewers Specialty Coffee ì—ì„œë„ 5% í• ì¸ ë°›ì•„ ì»¤í”¼ì™€ ë¼ì´íŠ¸ ë°€ì„ í•˜ì‹¤ ìˆ˜ ìˆìŠµë‹ˆë‹¤.

ë¬¸ì˜ì‚¬í•­ì€ school@mowm.com.auë¡œ ì—°ë½ì£¼ì‹œê¸° ë°”ëë‹ˆë‹¤. 
#mowmaus #jbrewersspecialtycoffee #gsus4co 
@mowm_school",2263678590627774000,31591856651,Photo,https://www.instagram.com/explore/tags/gsus4co/,2021-06-25T09:53:47.009Z,https://scontent-lga3-2.cdninstagram.com/v/t51.2885-15/e35/89829992_1857146494419877_251582623217715786_n.jpg?tp=1&_nc_ht=scontent-lga3-2.cdninstagram.com&_nc_cat=101&_nc_ohc=sHNt1p9x4IAAX_Epvpi&edm=ABZsPhsBAAAA&ccb=7-4&oh=cd328fa752680081b4c9d140eea5e167&oe=60DC84D1&_nc_sid=4efc9f&ig_cache_key=MjI2MzY3ODU5MDYyNzc3Mzk0Mg%3D%3D.2-ccb7-4,,
https://www.instagram.com/p/B8IlPvrlm3E/,https://www.instagram.com/mowmaus,mowmaus,MoWM á„†á…©á„‹á…³á†·,1,20,2020-02-04T05:59:17.000Z,"MoWM(Ministry of Worship &amp; Music) Inc.ì—ì„œ ëª¨ìŒ ë®¤ì§ìŠ¤ì¿¨ì„ ì‹œì‘í•©ë‹ˆë‹¤.
ëª¨ìŒì€ ë‹¤ì–‘í•œ ìŒì•… ì„¸ë¯¸ë‚˜ì™€ ê°•ì˜ë¡œ ìŒì•… êµìœ¡ì„ ì‚¬ì—­í•˜ê³  ìˆëŠ” ì „ë¬¸ì¸ ì‚¬ì—­ë‹¨ì²´ì…ë‹ˆë‹¤. 
ëª¨ìŒ ë®¤ì§ìŠ¤ì¿¨ì˜ ì„ ìƒë‹˜ë“¤ì€ ëŒ€í•™ êµìˆ˜ ì¶œì‹ ì˜ ì„ ìƒë‹˜ë“¤ì´ ë‹¤ìˆ˜ ê³„ì‹œë©° ëŒ€ë¶€ë¶„ ì˜¤ëœ ìŒì•… êµìœ¡ ê²½í—˜ ë¿ë§Œ ì•„ë‹ˆë¼ ë®¤ì§€ì…˜ìœ¼ë¡œì„œì˜ ì‹¤ë ¥ë¶€í„° í•™ë ¥ê¹Œì§€ ì˜ ê°–ì¶”ê³  ê³„ì‹œë©° ëª¨ìŒì˜ ê³µì‹ ì‚¬ì—­ìë“¤ë¡œ, í—Œì‹ ì ìœ¼ë¡œ ê°€ë¥´ì³ ì£¼ì‹¤ ê²ƒì…ë‹ˆë‹¤.
ìŒì•… ì—°ì£¼ ë¿ë§Œ ì•„ë‹ˆë¼ ìŒí–¥, ê·¸ë¦¬ê³  ìŒì•…ì„ ì œì‘í•˜ëŠ” ì‘ê³¡, í¸ê³¡ ë° í”„ë¡œë“€ì‹±ê¹Œì§€ ëª¨ìŒ ë®¤ì§ ìŠ¤ì¿¨ë§Œì´ ì œê³µ ê°€ëŠ¥í•œ ìŒì•…ì— ê´€ë ¨ëœ ëª¨ë“  ë¶„ì•¼ë¥¼ ê³µë¶€ í•  ìˆ˜ ìˆë„ë¡ ë•ê³  ìˆìŠµë‹ˆë‹¤.

ë¿ë§Œ ì•„ë‹ˆë¼ ëª¨ìŒ ë®¤ì§ ìŠ¤ì¿¨ì€ Jbrewers Specialty Coffee, ê·¸ë¦¬ê³  Gsus4ì™€ í•¨ê»˜ ìœ„ì¹˜í•˜ê³  ìˆì–´ ê¸°ë‹¤ë¦¬ì‹œëŠ” ë¶„ë“¤ì„ ìœ„í•œ ì»¤í”¼ ê³µê°„ê³¼ ì•…ê¸° êµ¬ì… ìƒë‹´ê¹Œì§€ í•œë²ˆì— ì´ë£¨ì–´ ì§ˆ ìˆ˜ ìˆê²Œ ë˜ì–´ ìˆëŠ” í¸ì˜ë¥¼ ì œê³µí•©ë‹ˆë‹¤. ê·¸ë¦¬ê³   ëª¨ìŒ ë®¤ì§ ìŠ¤ì¿¨ í•™ìƒë“¤ì€ Jbrewers Specialty Coffee 5%, Gsus4 ì•…ê¸°êµ¬ì… 5% í• ì¸ê¹Œì§€ ë°›ì„ ìˆ˜ ìˆìŠµë‹ˆë‹¤.

ê°•ì˜ ë¶„ì•¼
ê¸°íƒ€(ì¼ë ‰ê¸°íƒ€, ì–´ì¿ ìŠ¤í‹± ê¸°íƒ€)
ìš°í¬ë ë ˆ
ë² ì´ìŠ¤ ê¸°íƒ€
ë“œëŸ¼
í•œêµ­ íƒ€ì•…ê¸°(ì¥êµ¬, ë¶, ê½¹ê³¼ë¦¬ ë“± ë¯¼ì† íƒ€ì•…ê¸°)
í”¼ì•„ë…¸(ì¬ì¦ˆ í”¼ì•„ë…¸, ì‹ ë””ì‚¬ì´ì €)
ë³´ì»¬
ìŒì•…ì´ë¡ (ì‘ê³¡, í¸ê³¡, í™”ì„±í•™)
ì»´í“¨í„° ìŒì•…(Midi Sequencing)
ì‚¬ìš´ë“œì—”ì§€ë‹ˆì–´ë§(ë¼ì´ë¸Œ ë…¹ìŒ, ìŒí–¥, ìŠ¤íŠœë””ì˜¤ ë…¹ìŒ)

ì£¼ì†Œ: 267 Victoria Rd Rydalmere 2116 NSW
ë¬¸ì˜: school@mowm.com.au / 0402699207 / ABN:23 665 173 883 #mowmaus #jbrewersspecialtycoffee #gsus4co",2236201024699657700,5621534860,Photo,https://www.instagram.com/explore/tags/gsus4co/,2021-06-25T09:53:47.009Z,https://scontent-lga3-2.cdninstagram.com/v/t51.2885-15/e35/82559112_1577598509048111_8841057716334332523_n.jpg?tp=1&_nc_ht=scontent-lga3-2.cdninstagram.com&_nc_cat=111&_nc_ohc=c1WosZnqilwAX_zJYd9&tn=8d6p2hrUzrD07pfX&edm=ABZsPhsBAAAA&ccb=7-4&oh=d3a4c26d528b51269ebdd9102b464933&oe=60DC5B18&_nc_sid=4efc9f&ig_cache_key=MjIzNjIwMTAyNDY5OTY1NzY2OA%3D%3D.2-ccb7-4,,
https://www.instagram.com/p/B7YUlcTl5-W/,https://www.instagram.com/krossjunkie,krossjunkie,Patrick Jaieui Chung,2,20,2020-01-16T12:10:09.000Z,first time having guitar setup. feel sorry to my beloved girl friend #gibsonlespaulcustom and a new gig bag from #basiner very good quality! now my all set for busking at strathfield square! thanks #gsus4co,2222616950051676200,5638692875,Photo,https://www.instagram.com/explore/tags/gsus4co/,2021-06-25T09:53:47.009Z,https://scontent-lga3-2.cdninstagram.com/v/t51.2885-15/e35/81463155_168812991090688_1592798693230508365_n.jpg?tp=1&_nc_ht=scontent-lga3-2.cdninstagram.com&_nc_cat=104&_nc_ohc=RoMJbFESpjUAX_klaRF&edm=ABZsPhsBAAAA&ccb=7-4&oh=f468e633dd1ef941a267e092afbd1ca3&oe=60DC7F27&_nc_sid=4efc9f&ig_cache_key=MjIyMjYxNjk1MDA1MTY3NjA1NA%3D%3D.2-ccb7-4,,
https://www.instagram.com/p/B3da_fgHgBp/,https://www.instagram.com/gsus4co,gsus4co,ğ”¾ğ•¤ğ•¦ğ•¤ğŸœ | Music Gear &amp; Supply Co,1,43,2019-10-11T01:36:45.000Z,"Hey FB/IG friends

It's official. (My heart is pumping right now)

Yes, Gsus4 is moving into a space where we can do our music shop plus Cafe and a multi-purpose creative space where people can do all sorts of creative (mostly musical) things. 
There will be about 80-100 seating area, plus a super handsome barista and staff ready to serve you an awesome specialty coffee and yes, our usual Gsus4 music gear supply service, these three - all under the same roof.

Can't wait to tell you all the details and whats coming next!

#gsus4co #gsus4coffeeandco",2151994909314121700,4676721204,Photo,https://www.instagram.com/explore/tags/gsus4co/,2021-06-25T09:53:47.009Z,https://scontent-lga3-2.cdninstagram.com/v/t51.2885-15/e35/71505191_2378738772346695_7899732909146674328_n.jpg?tp=1&_nc_ht=scontent-lga3-2.cdninstagram.com&_nc_cat=103&_nc_ohc=TRgdYT5WvlgAX-aLRpQ&edm=ABZsPhsBAAAA&ccb=7-4&oh=96a323ac4a3aeb01dfdaef573a98d2e5&oe=60DC7491&_nc_sid=4efc9f&ig_cache_key=MjE1MTk5NDkwOTMxNDEyMTgzMw%3D%3D.2-ccb7-4,,
https://www.instagram.com/p/B05MxetjRMs/,https://www.instagram.com/guk_shine,guk_shine,ì´ì„±êµ­,2,26,2019-08-08T06:57:04.000Z,"ì˜ˆë°° ë•Œ ì¼ë ‰ìœ¼ë¡œ ì„¬ê¸°ëŠ” í•œ ì˜ˆë°°ìë¡œì„œ ì–´ë–»ê²Œí•˜ë©´ ì˜ˆë°°ì™€ ì°¬ì–‘ì˜ ê¹Šì´ë¥¼ ë”í•˜ê³  ë˜í•œ ì°¬ì–‘ ê°€ìš´ë° ì–´ë–»ê²Œ ì„±ë ¹ë‹˜ì˜ ì„ì¬ì™€ ë‚˜ì˜ ê°ì •ì„ ë” í‘œí˜„í• ê¹Œ? ë¼ëŠ” ì§ˆë¬¸ì—ì„œë¶€í„° ì‹œì‘í•˜ì—¬ ì•Œê²Œëœ â€˜Ambient soundâ€™ !! ë²Œì¨ ì´ê²ƒì— ëŒ€í•´ ì—°êµ¬í•˜ê³  ê³µë¶€í•œì§€ ë°˜ë…„ì •ë„ ë˜ì–´ê°€ëŠ” ê²ƒ ê°™ë‹¤. ì§€ê¸ˆ ì‚¬ìš©í•˜ê³  ìˆëŠ” Line6 helixë¥¼ í†µí•´ madawayê»˜ ë°°ì› ë˜ í†¤ì— ëŒ€í•œ ê¸°ì¤€ë“¤ì„ ê·¼ê±°ë¡œ ì˜ ì˜ˆë°°í•˜ê³  ì°¬ì–‘í•˜ê³  ìˆì—ˆë‹¤.

í•˜ì§€ë§Œ ê³µê°„ê³„ ì´í™í„°ì˜ ëíŒì™•ì¸ â€˜bigskyâ€™ì˜ ì†Œë¦¬ë¥¼ í˜„ì¥ì—ì„œ ë“¤ì–´ë³¸ ì‚¬ëŒìœ¼ë¡œì„œ helixë¡œë„ ê¹Šì€ ê³µê°„ê°ì„ í‘œí˜„í•  ìˆ˜ ìˆìœ¼ë‚˜, ì—¬ì „íˆ bigskyì— ëŒ€í•œ í†¤ê³¼ ì‚¬ìš´ë“œë¥¼ ìŠì„ ìˆ˜ ì—†ì—ˆë‹¤

ê·¸ë˜ì„œ í•˜ë‚˜ë‹˜ê»˜ ë” ê¹Šì€ ì˜ˆë°°ì™€ ì°¬ì–‘ì„ ë“œë¦¬ê¸° ìœ„í•´ í—Œì‹ ì˜ ë§ˆìŒìœ¼ë¡œ ì•½ â€˜60ë§Œì›â€™ì˜ ê±°ê¸ˆì„ ë“¤ì—¬ ì§ˆë €ë‹¤..ğŸ™„
ê·¸ë¦¬ê³  Gsus4ì—ì„œmadawayë‹˜ì˜ presetì„ êµ¬ë§¤í•  ìˆ˜ ìˆê¸¸ë˜ ê·¸ê²ƒë„ getí•´ë²„ë¦¬ê³  ë§ì•˜ë‹¤ğŸ™„ğŸ™„ ì•„ì§ presetë§Œ ì˜®ê²¨ë†“ê³  ê¸°íƒ€ë¡œ ì‚¬ìš´ë“œë¥¼ ê²½í—˜í•˜ì§„ ëª»í–ˆë‹¤. ë²Œì¨ë¶€í„° ë„ˆë¬´ ê¸°ëŒ€ëœë‹¤ğŸ˜­ğŸ˜­ğŸ˜­ ë” ì¢‹ì€ ì˜ˆë°°ì™€ ì°¬ì–‘ì„ í•˜ë‚˜ë‹˜ê»˜ ë“œë¦¬ê¸° ìœ„í•´ ë” ë‚˜ì˜ ì—°ì£¼ì— ê¹Šì´ ê³ ë¯¼í•˜ê³ , ê°€ì¥ ê¶ê·¹ì ì¸ ì˜ˆë°°ìë¡œì„œì˜ ë‚˜ì˜ ì‚¶ì„ ëŠì„ì—†ì´ ë’¤ëŒì•„ë³´ë©° í•˜ë‚˜ë‹˜ ë³´ì‹œê¸°ì— í•©í•œ ì˜ˆë°°ìì˜ ëª¨ìŠµìœ¼ë¡œ ì •ì§í•œ ëª¨ìŠµìœ¼ë¡œ ì°¬ì–‘ì˜ ì‚¬ì—­ì„ ê°ë‹¹í•˜ì!!ğŸ™ğŸ™
.
.
.
.

#ê²°êµ­ #êµ¬ë§¤í•´ë²„ë¦° #strymon #bigsky #reverb #ê³µê°„ê³„ #ì´í™í„° #Ambient #Ambientsound #ì— ë¹„ì–¸íŠ¸ #madaway #gsus4co #ì˜ˆë°° #ì°¬ì–‘ #ì›Œì‹­ #worship #ì¢‹ì•„ìš” #ë§íŒ” #fff #life #ì¼ìƒ #êµíšŒ #ì°¬ì–‘íŒ€ #ì¼ë ‰ #ê¸°íƒ€",2105770477561385700,10750644368,Photo,https://www.instagram.com/explore/tags/gsus4co/,2021-06-25T09:53:47.009Z,,,
https://www.instagram.com/p/BwWcFqxB9aC/,https://www.instagram.com/mrshphrd,mrshphrd,Jack Shepherd,25,106,2019-04-17T08:51:54.000Z,"FREE Elixir Strings; This post is your last chance! Iâ€™ll even throw in a copy of Sound Travels to the two lucky players from FB and Insta.
To enter...
â€¢Like this post
â€¢Tag a mate + Comment
â€¢Follow @mrshphrd
â€¢Follow @gsus4co 
That's it!
Winner announced Monday, April 22
#FreeStrings #Elixir #Giveaway #Gsus4co",2023928617369065200,44508568,Photo,https://www.instagram.com/explore/tags/gsus4co/,2021-06-25T09:53:47.009Z,,,
https://www.instagram.com/p/BwCI86Sn_gV/,https://www.instagram.com/gsus4co,gsus4co,ğ”¾ğ•¤ğ•¦ğ•¤ğŸœ | Music Gear &amp; Supply Co,113,170,2019-04-09T11:39:52.000Z,"Do it guys! :)
We are giving 12 packs of @elixir_strings strings to two lucky players from FB and Instagram.
â€¢Like this post
â€¢Tag a mate
â€¢Comment
â€¢Follow @gsus4co &amp; @mrshphrd 
Thatâ€™s it!
There will be multiple chances to enter - competition ends April 22nd, International entrants welcome.
#FreeStrings #Elixir #Giveaway #Gsus4co",2018214953145596000,4676721204,Photo,https://www.instagram.com/explore/tags/gsus4co/,2021-06-25T09:53:47.011Z,https://scontent-lga3-2.cdninstagram.com/v/t51.2885-15/e35/53016434_189020908743054_6332595282919094679_n.jpg?tp=1&_nc_ht=scontent-lga3-2.cdninstagram.com&_nc_cat=106&_nc_ohc=VYzGgW9QOucAX_0UPZ1&edm=ABZsPhsBAAAA&ccb=7-4&oh=3dc15c100dd66e45be99fc8c78cec90c&oe=60DC4971&_nc_sid=4efc9f&ig_cache_key=MjAxODIxNDk1MzE0NTU5NTkyNQ%3D%3D.2-ccb7-4,,
https://www.instagram.com/p/BwCIo5CArwn/,https://www.instagram.com/mrshphrd,mrshphrd,Jack Shepherd,33,124,2019-04-09T11:37:08.000Z,"FREE strings. 12 PACKS of the very best.
â€¢Like this post
â€¢Tag a mate
â€¢Comment
â€¢Follow me and @gsus4co
Thatâ€™s it!
There will be multiple chances to enter - competition ends April 22nd, International entrants welcome.
#FreeStrings #Elixir #Giveaway #Gsus4co",2018213577403579400,44508568,Photo,https://www.instagram.com/explore/tags/gsus4co/,2021-06-25T09:53:47.011Z,https://scontent-lga3-2.cdninstagram.com/v/t51.2885-15/e35/54510986_131106791291999_2840461363387992603_n.jpg?tp=1&_nc_ht=scontent-lga3-2.cdninstagram.com&_nc_cat=111&_nc_ohc=BxD1AouyP30AX9GMW_z&tn=8d6p2hrUzrD07pfX&edm=ABZsPhsBAAAA&ccb=7-4&oh=f3fcbea36dbd39fe85926e08afe41eef&oe=60DC9996&_nc_sid=4efc9f&ig_cache_key=MjAxODIxMzU3NzQwMzU3OTQzMQ%3D%3D.2-ccb7-4,,
https://www.instagram.com/p/BrPsi0jHdNZ/,https://www.instagram.com/gsus4co,gsus4co,ğ”¾ğ•¤ğ•¦ğ•¤ğŸœ | Music Gear &amp; Supply Co,3,29,2018-12-11T11:25:17.000Z,"Gigarex IEM can save your Gig rx... #Repost @mrshphrd
ãƒ»ãƒ»ãƒ»
Gigarex Wireless IEM system. Seriously cool units // @gsus4co is the place to go #wirelessiems #monitoring #JackShepherd #ViennaPeople #gsus4co",1931958672097661700,4676721204,Video,https://www.instagram.com/explore/tags/gsus4co/,2021-06-25T09:53:47.011Z,https://scontent-lga3-2.cdninstagram.com/v/t51.2885-15/e15/s480x480/46095444_136923223964065_1405173013240666817_n.jpg?tp=1&_nc_ht=scontent-lga3-2.cdninstagram.com&_nc_cat=101&_nc_ohc=eBwfk98TdTsAX9QexoA&tn=8d6p2hrUzrD07pfX&edm=ABZsPhsBAAAA&ccb=7-4&oh=931df51ce67d02e4cb7bdd5c098b30e8&oe=60DCE96D&_nc_sid=4efc9f&ig_cache_key=MTkzMTk1ODY3MjA5NzY2MTc4NQ%3D%3D.2-ccb7-4,https://scontent-lga3-2.cdninstagram.com/v/t50.2886-16/48600786_602016293587899_7969579235395908100_n.mp4?efg=eyJ2ZW5jb2RlX3RhZyI6InZ0c192b2RfdXJsZ2VuLjQ4MC5mZWVkLmRlZmF1bHQiLCJxZV9ncm91cHMiOiJbXCJpZ193ZWJfZGVsaXZlcnlfdnRzX290ZlwiXSJ9&_nc_ht=scontent-lga3-2.cdninstagram.com&_nc_cat=103&_nc_ohc=BkoSq0sJly8AX-1Fcm-&edm=ABZsPhsBAAAA&vs=17846404288314820_3846251748&_nc_vs=HBksFQAYJEdOS1c1UUs3QzFUWGh5TUNBQVF5R2djWG9wbHVia1lMQUFBRhUAAsgBABUAGCRHSFhiMVFMSmxsaEVVYjhBQUxON0pzMmxYa1pHYmtZTEFBQUYVAgLIAQAoABgAGwGIB3VzZV9vaWwBMBUAACaIyPfpxa3bPxUCKAJDMywXQEYI9cKPXCkYEmRhc2hfYmFzZWxpbmVfMV92MREAdeoHAA%3D%3D&ccb=7-4&oe=60D675DC&oh=e8115f671a09bf277a4a6812fa72fef0&_nc_sid=4efc9f,206
https://www.instagram.com/p/BrPjq1xFCFv/,https://www.instagram.com/mrshphrd,mrshphrd,Jack Shepherd,0,40,2018-12-11T10:09:25.000Z,Gigarex Wireless IEM system. Seriously cool units // @gsus4co is the place to go #wirelessiems #monitoring #JackShepherd #ViennaPeople #gsus4co,1931919640742863000,44508568,Video,https://www.instagram.com/explore/tags/gsus4co/,2021-06-25T09:53:47.011Z,https://scontent-lga3-2.cdninstagram.com/v/t51.2885-15/e15/s640x640/46750215_533794807097984_3738258164647976962_n.jpg?tp=1&_nc_ht=scontent-lga3-2.cdninstagram.com&_nc_cat=108&_nc_ohc=av9D_xoZtVIAX_PDGtE&edm=ABZsPhsBAAAA&ccb=7-4&oh=13597fde0718d907fd25c031cf1908da&oe=60DD53DE&_nc_sid=4efc9f&ig_cache_key=MTkzMTkxOTY0MDc0Mjg2MzIxNQ%3D%3D.2-ccb7-4,https://scontent-lga3-2.cdninstagram.com/v/t50.2886-16/48600775_345120859406743_6853096831299688938_n.mp4?efg=eyJ2ZW5jb2RlX3RhZyI6InZ0c192b2RfdXJsZ2VuLjcyMC5mZWVkLmRlZmF1bHQiLCJxZV9ncm91cHMiOiJbXCJpZ193ZWJfZGVsaXZlcnlfdnRzX290ZlwiXSJ9&_nc_ht=scontent-lga3-2.cdninstagram.com&_nc_cat=107&_nc_ohc=SHvWrsyLX4UAX9pHMhe&tn=8d6p2hrUzrD07pfX&edm=ABZsPhsBAAAA&vs=18009725356035262_1927635210&_nc_vs=HBksFQAYJEdNZVc1UUtYd1RxMjRqa0JBT29aX1VCQ0Z4dGZia1lMQUFBRhUAAsgBABUAGCRHTWpXMVFJWVMwUzhiTU1DQUlOOHg1VTNoUWd0YmtZTEFBQUYVAgLIAQAoABgAGwGIB3VzZV9vaWwBMBUAACaY7%2FD43oPNPxUCKAJDMywXQEYGZmZmZmYYEmRhc2hfYmFzZWxpbmVfMV92MREAdeoHAA%3D%3D&ccb=7-4&oe=60D65B65&oh=08a0212b8178d2ee428e78894c62f6ec&_nc_sid=4efc9f,213
https://www.instagram.com/p/BqGgI-5lF19/,https://www.instagram.com/songk.kim,songk.kim,ê¹€ì„±ê·œ,4,46,2018-11-13T01:11:05.000Z,"8ëŒ€ ë“¤ì—¬ì˜¤ê³  ì´í‹€ì©¨. 
3ëŒ€ ë‚¨ì•˜ì–´ìš”... ë¬´ì„œìš´ ì¸ê¸°..
ë‹¤ìŒì…ê³ ë•Œ ê°€ê²©ì˜¤ë¥¸ë‹¤ëŠ”... #sire #bass #2ndgeneration #gsus4co",1911356446647541000,144838417,Photo,https://www.instagram.com/explore/tags/gsus4co/,2021-06-25T09:53:47.011Z,https://scontent-lga3-2.cdninstagram.com/v/t51.2885-15/e35/44277887_270567317145247_1029268249398738944_n.jpg?tp=1&_nc_ht=scontent-lga3-2.cdninstagram.com&_nc_cat=107&_nc_ohc=6KpdoMwUpAgAX_pumma&tn=8d6p2hrUzrD07pfX&edm=ABZsPhsBAAAA&ccb=7-4&oh=30035863789d0bf75b3f6e434c3d7335&oe=60DC4EA1&_nc_sid=4efc9f&ig_cache_key=MTkxMTM1NjQ0NjY0NzU0MTExNw%3D%3D.2-ccb7-4,,
https://www.instagram.com/p/Bpf5O4rFxkK/,https://www.instagram.com/rl_ee_,rl_ee_,Ryan Lee,0,10,2018-10-29T01:19:58.000Z,Got this amazing gentleman board through #gsus4co,1900489279349922000,5938834640,Photo,https://www.instagram.com/explore/tags/gsus4co/,2021-06-25T09:53:47.011Z,https://scontent-lga3-2.cdninstagram.com/v/t51.2885-15/e35/43247639_2163579157228673_245256847300841938_n.jpg?tp=1&_nc_ht=scontent-lga3-2.cdninstagram.com&_nc_cat=105&_nc_ohc=vQhdSo46jY0AX-fowu_&edm=ABZsPhsBAAAA&ccb=7-4&oh=ac73183719dda8a2b453c039ea895eda&oe=60DD4A36&_nc_sid=4efc9f&ig_cache_key=MTkwMDQ4OTI3OTM0OTkyMjA1OA%3D%3D.2-ccb7-4,,
https://www.instagram.com/p/BjWCia_hffM/,https://www.instagram.com/mattpeterfry,mattpeterfry,Matt-Peter Fry,0,12,2018-05-29T02:20:30.000Z,Thanks #gsus4co for the fresh amp tones... and the fresh breath!,1789629063464614000,5975536999,Photo,https://www.instagram.com/explore/tags/gsus4co/,2021-06-25T09:53:47.011Z,https://scontent-lga3-2.cdninstagram.com/v/t51.2885-15/e35/32345063_2019674658054669_1610048080944562176_n.jpg?tp=1&_nc_ht=scontent-lga3-2.cdninstagram.com&_nc_cat=109&_nc_ohc=dAEJ27bfGZYAX8jbZS_&edm=ABZsPhsBAAAA&ccb=7-4&oh=9bdc401281ae153205c8b0b3046e0d3e&oe=60DCBC95&_nc_sid=4efc9f&ig_cache_key=MTc4OTYyOTA2MzQ2NDYxMzgzNg%3D%3D.2-ccb7-4,,
https://www.instagram.com/p/BfvG63BgGP8/,https://www.instagram.com/gsus4co,gsus4co,ğ”¾ğ•¤ğ•¦ğ•¤ğŸœ | Music Gear &amp; Supply Co,0,41,2018-02-28T09:54:14.000Z,"â €â€©#repost @stephen_zrnicâ €â€©â€¢ â€¢ â€¢â €â€©Late night rehearsing for #sydneycountrymusicfestival 
Using #universalaudio #apollo8p through #gsus4co DI #redeye then processed #marshallclassic ua plugin then re-miced @orangeamplifiers cab through @slatedigital #vms #m1l and modelled the #fet47 mod. I think i found my guitar recording chain.. :D",1724627615395898400,4676721204,Photo,https://www.instagram.com/explore/tags/gsus4co/,2021-06-25T09:53:47.011Z,https://scontent-lga3-2.cdninstagram.com/v/t51.2885-15/e35/28151777_1600608610015930_1275906626112454656_n.jpg?tp=1&_nc_ht=scontent-lga3-2.cdninstagram.com&_nc_cat=110&_nc_ohc=NnAhNF4cxGkAX8vkyOa&edm=ABZsPhsBAAAA&ccb=7-4&oh=036d515d7a2223b35397c12a80f635b2&oe=60DBFC6E&_nc_sid=4efc9f&ig_cache_key=MTcyNDYyNzYxNTM5NTg5ODM2NA%3D%3D.2-ccb7-4,,
https://www.instagram.com/p/BfVRFclAe82/,https://www.instagram.com/gsus4co,gsus4co,ğ”¾ğ•¤ğ•¦ğ•¤ğŸœ | Music Gear &amp; Supply Co,0,27,2018-02-18T09:02:48.000Z,"#Repost @stephen_zrnic ãƒ»ãƒ»ãƒ»
First gig with @gsus4co #redeye #DI
In love with the sound, clarity and body it gives the guitar.
Thank you #gsus4co once again",1717353973985439500,4676721204,Photo,https://www.instagram.com/explore/tags/gsus4co/,2021-06-25T09:53:47.011Z,https://scontent-lga3-2.cdninstagram.com/v/t51.2885-15/e35/27880736_151130465603506_6657403225257279488_n.jpg?tp=1&_nc_ht=scontent-lga3-2.cdninstagram.com&_nc_cat=110&_nc_ohc=D1wCrsXfXe8AX-E1fB7&edm=ABZsPhsBAAAA&ccb=7-4&oh=88c06eac26b409afaf5778a3e359d024&oe=60DCFFE6&_nc_sid=4efc9f&ig_cache_key=MTcxNzM1Mzk3Mzk4NTQzOTU0Mg%3D%3D.2-ccb7-4,,
https://www.instagram.com/p/Bep7YgnleLq/,https://www.instagram.com/xtns.evolution,xtns.evolution,Beers &amp; Brews,0,16,2018-02-01T13:05:50.000Z,"New toy arrived - Absolutely fantastic!
#bosskatana #ibanez #ibanezrg #gsus4co
#seymourduncan #katana50",1705155102971913000,7018105491,Photo,https://www.instagram.com/explore/tags/gsus4co/,2021-06-25T09:53:47.011Z,https://scontent-lga3-2.cdninstagram.com/v/t51.2885-15/e35/26863374_148707572511458_9109729508600053760_n.jpg?tp=1&_nc_ht=scontent-lga3-2.cdninstagram.com&_nc_cat=102&_nc_ohc=yw2BXNmqPuQAX8Xegjy&edm=ABZsPhsBAAAA&ccb=7-4&oh=10f1f29e54762a0e4fa1be030ed813f7&oe=60DC3F20&_nc_sid=4efc9f&ig_cache_key=MTcwNTE1NTEwMjk3MTkxMjkzOA%3D%3D.2-ccb7-4,,
https://www.instagram.com/p/BWPGztGB6tj/,https://www.instagram.com/danieljlewismusic,danieljlewismusic,Brisbane Musician,1,41,2017-07-07T06:55:01.000Z,"Uh oh... More shenanigans 
I have something very cool to share with you very soon *watch this space*
.
.
.
.
.
.
.
.
.
.
#scarlettlove #nebulus #dd7 #oc3 #RC30 #pedaltrain #yamahamusic #pedalboard #pedals #miniboard #flyboard #newbuild #newporduct #gsus4co #inkwell #watchthisspace",1553490337858038500,343262138,Photo,https://www.instagram.com/explore/tags/gsus4co/,2021-06-25T09:53:47.011Z,https://scontent-lga3-2.cdninstagram.com/v/t51.2885-15/e35/19761836_677886002411853_7392610504306327552_n.jpg?tp=1&_nc_ht=scontent-lga3-2.cdninstagram.com&_nc_cat=109&_nc_ohc=xdEpvKc7CfEAX82dL88&edm=ABZsPhsBAAAA&ccb=7-4&oh=43297fd0426e750e7822bbc4e03c8897&oe=60DC999A&_nc_sid=4efc9f&ig_cache_key=MTU1MzQ5MDMzNzg1ODAzODYyNw%3D%3D.2-ccb7-4,,